{
  "id": "0061efad-8731-4a43-ab20-e3709a649dc9",
  "alias": "HomeBannerWebPart",
  "componentType": "WebPart",
  "version": "0.0.1",
  "manifestVersion": 2,
  "requiresCustomScript": false,
  "supportedHosts": [
    "SharePointWebPart",
    "TeamsPersonalApp",
    "TeamsTab",
    "SharePointFullPage"
  ],
  "supportsThemeVariants": true,
  "supportsFullBleed": true,
  "preconfiguredEntries": [
    {
      "groupId": "5c03119e-3074-46fd-976b-c60198311f70",
      "group": {
        "default": "Other"
      },
      "title": {
        "default": "HomeBanner"
      },
      "description": {
        "default": "HomeBanner description"
      },
      "officeFabricIconFontName": "Page",
      "properties": {
        "description": "HomeBanner"
      }
    }
  ],
  "loaderConfig": {
    "internalModuleBaseUrls": [
      "<!-- PATH TO CDN -->"
    ],
    "entryModuleId": "home-banner-web-part",
    "scriptResources": {
      "home-banner-web-part": {
        "type": "path",
        "path": "home-banner-web-part_438b94320bf80f5b0b55.js"
      },
      "@microsoft/sp-property-pane": {
        "type": "component",
        "id": "f9e737b7-f0df-4597-ba8c-3060f82380db",
        "version": "1.14.0"
      },
      "@microsoft/sp-lodash-subset": {
        "type": "component",
        "id": "73e1dc6c-8441-42cc-ad47-4bd3659f8a3a",
        "version": "1.14.0"
      },
      "@microsoft/sp-core-library": {
        "type": "component",
        "id": "7263c7d0-1d6a-45ec-8d85-d4d1d234171b",
        "version": "1.14.0"
      },
      "@microsoft/sp-webpart-base": {
        "type": "component",
        "id": "974a7777-0990-4136-8fa6-95d80114c2e0",
        "version": "1.14.0"
      },
      "react": {
        "type": "component",
        "id": "0d910c1c-13b9-4e1c-9aa4-b008c5e42d7d",
        "version": "16.13.1"
      },
      "react-dom": {
        "type": "component",
        "id": "aa0a46ec-1505-43cd-a44a-93f3a5aa460a",
        "version": "16.13.1"
      },
      "@microsoft/sp-http": {
        "type": "component",
        "id": "c07208f0-ea3b-4c1a-9965-ac1b825211a6",
        "version": "1.14.0"
      },
      "PropertyControlStrings": {
        "type": "localizedPath",
        "paths": {
          "en-US": "PropertyControlStrings_en-us_bc1ee3a7fc7a99fa73b1046ded6d6ec4.js",
          "fr-FR": "PropertyControlStrings_fr-fr_cf0a6c9832ab7cfe0823d96e0862d8da.js",
          "nl-NL": "PropertyControlStrings_nl-nl_76710d6b135805b79e286430fb3dcfe7.js",
          "no": "PropertyControlStrings_no_d3c24be5b19da4d977239b37f50eec60.js",
          "ru-RU": "PropertyControlStrings_ru-ru_3129604be645add05328df8271e318f2.js",
          "zh-CN": "PropertyControlStrings_zh-cn_11ef263e542c6dec3bb45f7f32177f8b.js"
        },
        "defaultPath": "PropertyControlStrings_en-us_bc1ee3a7fc7a99fa73b1046ded6d6ec4.js"
      },
      "HomeBannerWebPartStrings": {
        "type": "path",
        "path": "HomeBannerWebPartStrings_en-us_ab0373b2a20479e31e6fa297c55f351c.js"
      }
    }
  }
}