<?xml version="1.0" encoding="utf-8"?><App xmlns="http://schemas.microsoft.com/sharepoint/2012/app/manifest" Name="exodigo-template-client-side-solution" ProductID="0d855394-86d0-4e20-a114-1987f13b6520" Version="1.0.0.0" SharePointMinVersion="16.0.0.0" IsClientSideSolution="true" SkipFeatureDeployment="true" IsDomainIsolated="false"><Properties><Title>exodigo-template-client-side-solution</Title><DeveloperProperties>{&quot;name&quot;:&quot;&quot;,&quot;websiteUrl&quot;:&quot;&quot;,&quot;privacyUrl&quot;:&quot;&quot;,&quot;termsOfUseUrl&quot;:&quot;&quot;,&quot;mpnId&quot;:&quot;Undefined-1.14.0&quot;}</DeveloperProperties><ShortDescription><LocalizedString CultureName="default">exodigo-template description</LocalizedString></ShortDescription><LongDescription><LocalizedString CultureName="default">exodigo-template description</LocalizedString></LongDescription><Screenshots></Screenshots></Properties></App>